<?xml version="1.0" encoding="UTF-8" ?>
<!DOCTYPE mapper PUBLIC "-//mybatis.org//DTD Mapper 3.0//EN" "http://mybatis.org/dtd/mybatis-3-mapper.dtd" >
<mapper namespace="learn.dao.AnswerMapper" >
  <resultMap id="BaseResultMap" type="learn.entity.Answer" >
    <constructor >
      <idArg column="id" jdbcType="INTEGER" javaType="java.lang.Integer" />
      <arg column="user_id" jdbcType="INTEGER" javaType="java.lang.Integer" />
      <arg column="user_name" jdbcType="VARCHAR" javaType="java.lang.String" />
      <arg column="question_id" jdbcType="INTEGER" javaType="java.lang.Integer" />
      <arg column="date" jdbcType="DATE" javaType="java.util.Date" />
      <arg column="comment_num" jdbcType="INTEGER" javaType="java.lang.Integer" />
      <arg column="praise_num" jdbcType="INTEGER" javaType="java.lang.Integer" />
    </constructor>
  </resultMap>
  <resultMap id="ResultMapWithBLOBs" type="learn.entity.Answer" >
    <constructor >
      <idArg column="id" jdbcType="INTEGER" javaType="java.lang.Integer" />
      <arg column="user_id" jdbcType="INTEGER" javaType="java.lang.Integer" />
      <arg column="user_name" jdbcType="VARCHAR" javaType="java.lang.String" />
      <arg column="question_id" jdbcType="INTEGER" javaType="java.lang.Integer" />
      <arg column="date" jdbcType="DATE" javaType="java.util.Date" />
      <arg column="comment_num" jdbcType="INTEGER" javaType="java.lang.Integer" />
      <arg column="praise_num" jdbcType="INTEGER" javaType="java.lang.Integer" />
      <arg column="content" jdbcType="LONGVARCHAR" javaType="java.lang.String" />
    </constructor>
  </resultMap>
  <sql id="Base_Column_List" >
    id, user_id, user_name, question_id, date, comment_num, praise_num
  </sql>
  <sql id="Blob_Column_List" >
    content
  </sql>
  <select id="selectByPrimaryKey" resultMap="ResultMapWithBLOBs" parameterType="java.lang.Integer" >
    select 
    <include refid="Base_Column_List" />
    ,
    <include refid="Blob_Column_List" />
    from answer
    where id = #{id,jdbcType=INTEGER}
  </select>
  <delete id="deleteByPrimaryKey" parameterType="java.lang.Integer" >
    delete from answer
    where id = #{id,jdbcType=INTEGER}
  </delete>
  <insert id="insert" parameterType="learn.entity.Answer" >
    insert into answer (user_id, user_name,
      question_id, date, comment_num, 
      praise_num, content)
    values (#{userId,jdbcType=INTEGER}, #{userName,jdbcType=VARCHAR},
      #{questionId,jdbcType=INTEGER}, #{date,jdbcType=DATE}, #{commentNum,jdbcType=INTEGER}, 
      #{praiseNum,jdbcType=INTEGER}, #{content,jdbcType=LONGVARCHAR})
  </insert>
  <insert id="insertSelective" parameterType="learn.entity.Answer" >
    insert into answer
    <trim prefix="(" suffix=")" suffixOverrides="," >
      <if test="id != null" >
        id,
      </if>
      <if test="userId != null" >
        user_id,
      </if>
      <if test="userName != null" >
        user_name,
      </if>
      <if test="questionId != null" >
        question_id,
      </if>
      <if test="date != null" >
        date,
      </if>
      <if test="commentNum != null" >
        comment_num,
      </if>
      <if test="praiseNum != null" >
        praise_num,
      </if>
      <if test="content != null" >
        content,
      </if>
    </trim>
    <trim prefix="values (" suffix=")" suffixOverrides="," >
      <if test="id != null" >
        #{id,jdbcType=INTEGER},
      </if>
      <if test="userId != null" >
        #{userId,jdbcType=INTEGER},
      </if>
      <if test="userName != null" >
        #{userName,jdbcType=VARCHAR},
      </if>
      <if test="questionId != null" >
        #{questionId,jdbcType=INTEGER},
      </if>
      <if test="date != null" >
        #{date,jdbcType=DATE},
      </if>
      <if test="commentNum != null" >
        #{commentNum,jdbcType=INTEGER},
      </if>
      <if test="praiseNum != null" >
        #{praiseNum,jdbcType=INTEGER},
      </if>
      <if test="content != null" >
        #{content,jdbcType=LONGVARCHAR},
      </if>
    </trim>
  </insert>
  <update id="updateByPrimaryKeySelective" parameterType="learn.entity.Answer" >
    update answer
    <set >
      <if test="userId != null" >
        user_id = #{userId,jdbcType=INTEGER},
      </if>
      <if test="userName != null" >
        user_name = #{userName,jdbcType=VARCHAR},
      </if>
      <if test="questionId != null" >
        question_id = #{questionId,jdbcType=INTEGER},
      </if>
      <if test="date != null" >
        date = #{date,jdbcType=DATE},
      </if>
      <if test="commentNum != null" >
        comment_num = #{commentNum,jdbcType=INTEGER},
      </if>
      <if test="praiseNum != null" >
        praise_num = #{praiseNum,jdbcType=INTEGER},
      </if>
      <if test="content != null" >
        content = #{content,jdbcType=LONGVARCHAR},
      </if>
    </set>
    where id = #{id,jdbcType=INTEGER}
  </update>
  <update id="updateByPrimaryKeyWithBLOBs" parameterType="learn.entity.Answer" >
    update answer
    set user_id = #{userId,jdbcType=INTEGER},
      user_name = #{userName,jdbcType=VARCHAR},
      question_id = #{questionId,jdbcType=INTEGER},
      date = #{date,jdbcType=DATE},
      comment_num = #{commentNum,jdbcType=INTEGER},
      praise_num = #{praiseNum,jdbcType=INTEGER},
      content = #{content,jdbcType=LONGVARCHAR}
    where id = #{id,jdbcType=INTEGER}
  </update>
  <update id="updateByPrimaryKey" parameterType="learn.entity.Answer" >
    update answer
    set user_id = #{userId,jdbcType=INTEGER},
      user_name = #{userName,jdbcType=VARCHAR},
      question_id = #{questionId,jdbcType=INTEGER},
      date = #{date,jdbcType=DATE},
      comment_num = #{commentNum,jdbcType=INTEGER},
      praise_num = #{praiseNum,jdbcType=INTEGER}
    where id = #{id,jdbcType=INTEGER}
  </update>
  <select id="selectBestByQuestionId" resultMap="ResultMapWithBLOBs">
    select *
    from answer
    where question_id = #{questionId,jdbcType=INTEGER}
    order by praise_num desc limit 1
  </select>
  <select id="selectByQuestionId" resultMap="ResultMapWithBLOBs">
    select *
    from answer
    where question_id = #{questionId,jdbcType=INTEGER}
    order by praise_num desc
  </select>
  <update id="updateCommentNum">
    update answer
    set comment_num = comment_num + #{0}
    where id = #{1}
  </update>
  <update id="updatePraiseNum">
    update answer
    set praise_num = praise_num + #{0}
    where id = #{1}
  </update>
  <select id="selectByUserId" resultMap="ResultMapWithBLOBs">
    select *
    from answer
    where user_id = #{user_id,jdbcType=INTEGER}
  </select>
</mapper>