<?xml version="1.0" encoding="UTF-8" ?>
<!DOCTYPE mapper PUBLIC "-//mybatis.org//DTD Mapper 3.0//EN" "http://mybatis.org/dtd/mybatis-3-mapper.dtd" >
<mapper namespace="learn.dao.ArticleMapper" >
  <resultMap id="BaseResultMap" type="learn.entity.Article" >
    <constructor >
      <idArg column="id" jdbcType="INTEGER" javaType="java.lang.Integer" />
      <arg column="title" jdbcType="VARCHAR" javaType="java.lang.String" />
      <arg column="user_id" jdbcType="INTEGER" javaType="java.lang.Integer" />
      <arg column="username" jdbcType="VARCHAR" javaType="java.lang.String" />
      <arg column="article_type" jdbcType="VARCHAR" javaType="java.lang.String" />
      <arg column="date" jdbcType="DATE" javaType="java.util.Date" />
      <arg column="praise_num" jdbcType="INTEGER" javaType="java.lang.Integer" />
      <arg column="comment_num" jdbcType="INTEGER" javaType="java.lang.Integer" />
      <arg column="click_num" jdbcType="INTEGER" javaType="java.lang.Integer" />
      <arg column="summary" jdbcType="VARCHAR" javaType="java.lang.String" />
    </constructor>
  </resultMap>
  <resultMap id="ResultMapWithBLOBs" type="learn.entity.Article" >
    <constructor >
      <idArg column="id" jdbcType="INTEGER" javaType="java.lang.Integer" />
      <arg column="title" jdbcType="VARCHAR" javaType="java.lang.String" />
      <arg column="user_id" jdbcType="INTEGER" javaType="java.lang.Integer" />
      <arg column="username" jdbcType="VARCHAR" javaType="java.lang.String" />
      <arg column="article_type" jdbcType="VARCHAR" javaType="java.lang.String" />
      <arg column="date" jdbcType="DATE" javaType="java.util.Date" />
      <arg column="praise_num" jdbcType="INTEGER" javaType="java.lang.Integer" />
      <arg column="comment_num" jdbcType="INTEGER" javaType="java.lang.Integer" />
      <arg column="click_num" jdbcType="INTEGER" javaType="java.lang.Integer" />
      <arg column="summary" jdbcType="VARCHAR" javaType="java.lang.String" />
      <arg column="content" jdbcType="LONGVARCHAR" javaType="java.lang.String" />
    </constructor>
  </resultMap>
  <sql id="Base_Column_List" >
    id, title, user_id, username, article_type, date, praise_num, comment_num, click_num, 
    summary
  </sql>
  <sql id="Blob_Column_List" >
    content
  </sql>
  <select id="selectByPrimaryKey" resultMap="ResultMapWithBLOBs" parameterType="java.lang.Integer" >
    select 
    <include refid="Base_Column_List" />
    ,
    <include refid="Blob_Column_List" />
    from article
    where id = #{id,jdbcType=INTEGER}
  </select>
  <delete id="deleteByPrimaryKey" parameterType="java.lang.Integer" >
    delete from article
    where id = #{id,jdbcType=INTEGER}
  </delete>
  <insert id="insert" keyProperty="id" useGeneratedKeys="true" parameterType="learn.entity.Article" >
    insert into article (title, user_id,
      username, article_type, date, 
      praise_num, comment_num, click_num, 
      summary, content)
    values (#{title,jdbcType=VARCHAR}, #{userId,jdbcType=INTEGER},
      #{username,jdbcType=VARCHAR}, #{articleType,jdbcType=VARCHAR}, #{date,jdbcType=DATE}, 
      #{praiseNum,jdbcType=INTEGER}, #{commentNum,jdbcType=INTEGER}, #{clickNum,jdbcType=INTEGER}, 
      #{summary,jdbcType=VARCHAR}, #{content,jdbcType=LONGVARCHAR})
  </insert>
  <insert id="insertSelective" parameterType="learn.entity.Article" >
    insert into article
    <trim prefix="(" suffix=")" suffixOverrides="," >
      <if test="id != null" >
        id,
      </if>
      <if test="title != null" >
        title,
      </if>
      <if test="userId != null" >
        user_id,
      </if>
      <if test="username != null" >
        username,
      </if>
      <if test="articleType != null" >
        article_type,
      </if>
      <if test="date != null" >
        date,
      </if>
      <if test="praiseNum != null" >
        praise_num,
      </if>
      <if test="commentNum != null" >
        comment_num,
      </if>
      <if test="clickNum != null" >
        click_num,
      </if>
      <if test="summary != null" >
        summary,
      </if>
      <if test="content != null" >
        content,
      </if>
    </trim>
    <trim prefix="values (" suffix=")" suffixOverrides="," >
      <if test="id != null" >
        #{id,jdbcType=INTEGER},
      </if>
      <if test="title != null" >
        #{title,jdbcType=VARCHAR},
      </if>
      <if test="userId != null" >
        #{userId,jdbcType=INTEGER},
      </if>
      <if test="username != null" >
        #{username,jdbcType=VARCHAR},
      </if>
      <if test="articleType != null" >
        #{articleType,jdbcType=VARCHAR},
      </if>
      <if test="date != null" >
        #{date,jdbcType=DATE},
      </if>
      <if test="praiseNum != null" >
        #{praiseNum,jdbcType=INTEGER},
      </if>
      <if test="commentNum != null" >
        #{commentNum,jdbcType=INTEGER},
      </if>
      <if test="clickNum != null" >
        #{clickNum,jdbcType=INTEGER},
      </if>
      <if test="summary != null" >
        #{summary,jdbcType=VARCHAR},
      </if>
      <if test="content != null" >
        #{content,jdbcType=LONGVARCHAR},
      </if>
    </trim>
  </insert>
  <update id="updateByPrimaryKeySelective" parameterType="learn.entity.Article" >
    update article
    <set >
      <if test="title != null" >
        title = #{title,jdbcType=VARCHAR},
      </if>
      <if test="userId != null" >
        user_id = #{userId,jdbcType=INTEGER},
      </if>
      <if test="username != null" >
        username = #{username,jdbcType=VARCHAR},
      </if>
      <if test="articleType != null" >
        article_type = #{articleType,jdbcType=VARCHAR},
      </if>
      <if test="date != null" >
        date = #{date,jdbcType=DATE},
      </if>
      <if test="praiseNum != null" >
        praise_num = #{praiseNum,jdbcType=INTEGER},
      </if>
      <if test="commentNum != null" >
        comment_num = #{commentNum,jdbcType=INTEGER},
      </if>
      <if test="clickNum != null" >
        click_num = #{clickNum,jdbcType=INTEGER},
      </if>
      <if test="summary != null" >
        summary = #{summary,jdbcType=VARCHAR},
      </if>
      <if test="content != null" >
        content = #{content,jdbcType=LONGVARCHAR},
      </if>
    </set>
    where id = #{id,jdbcType=INTEGER}
  </update>
  <update id="updateByPrimaryKeyWithBLOBs" parameterType="learn.entity.Article" >
    update article
    set title = #{title,jdbcType=VARCHAR},
      user_id = #{userId,jdbcType=INTEGER},
      username = #{username,jdbcType=VARCHAR},
      article_type = #{articleType,jdbcType=VARCHAR},
      date = #{date,jdbcType=DATE},
      praise_num = #{praiseNum,jdbcType=INTEGER},
      comment_num = #{commentNum,jdbcType=INTEGER},
      click_num = #{clickNum,jdbcType=INTEGER},
      summary = #{summary,jdbcType=VARCHAR},
      content = #{content,jdbcType=LONGVARCHAR}
    where id = #{id,jdbcType=INTEGER}
  </update>
  <update id="updateByPrimaryKey" parameterType="learn.entity.Article" >
    update article
    set title = #{title,jdbcType=VARCHAR},
      user_id = #{userId,jdbcType=INTEGER},
      username = #{username,jdbcType=VARCHAR},
      article_type = #{articleType,jdbcType=VARCHAR},
      date = #{date,jdbcType=DATE},
      praise_num = #{praiseNum,jdbcType=INTEGER},
      comment_num = #{commentNum,jdbcType=INTEGER},
      click_num = #{clickNum,jdbcType=INTEGER},
      summary = #{summary,jdbcType=VARCHAR}
    where id = #{id,jdbcType=INTEGER}
  </update>
  <select id="selectAll" resultMap="ResultMapWithBLOBs">
    select
    <include refid="Base_Column_List" />
    ,
    <include refid="Blob_Column_List" />
    from article
    order by id desc
  </select>
  <select id = "selectByType" resultMap = "ResultMapWithBLOBs">
    select
    <include refid="Base_Column_List" />
    ,
    <include refid="Blob_Column_List" />
    from article
    where article_type = #{articleType,jdbcType=VARCHAR}
  </select>
  <select id = "search" resultMap="ResultMapWithBLOBs">
    select
    <include refid="Base_Column_List" />
    ,
    <include refid="Blob_Column_List" />
    from article
    where
    title like "%"#{searchString,jdbcType=VARCHAR}"%"
    or article_type like "%"#{searchString,jdbcType=VARCHAR}"%"
    or username like "%"#{searchString,jdbcType=VARCHAR}"%"
    or summary like "%"#{searchString,jdbcType=VARCHAR}"%"
  </select>
  <update id="updateCommentNum">
    update article
    set comment_num = comment_num + #{0}
    where id = #{1}
  </update>
  <update id="updatePraiseNum">
    update article
    set praise_num = praise_num + #{0}
    where id = #{1}
  </update>
  <update id="updateClickNum">
    update article
    set click_num = click_num + #{0}
    where id = #{1}
  </update>
  <select id = "selectByUser" resultMap = "ResultMapWithBLOBs">
    select
    <include refid="Base_Column_List" />
    ,
    <include refid="Blob_Column_List" />
    from article
    where user_id = #{user_id,jdbcType=INTEGER}
  </select>
  <select id="selectFive" resultMap="ResultMapWithBLOBs">
    select
    <include refid="Base_Column_List" />
    ,
    <include refid="Blob_Column_List" />
    from article
    order by click_num desc limit 5
  </select>
</mapper>