<?xml version="1.0" encoding="UTF-8"?>
<!DOCTYPE mapper PUBLIC "-//mybatis.org//DTD Mapper 3.0//EN" "http://mybatis.org/dtd/mybatis-3-mapper.dtd">
<mapper namespace="learn.dao.CourseSectionMapper">
  <resultMap id="BaseResultMap" type="learn.entity.CourseSection">
    <constructor>
      <idArg column="id" javaType="java.lang.Integer" jdbcType="INTEGER" />
      <arg column="course_id" javaType="java.lang.Integer" jdbcType="INTEGER" />
      <arg column="parent_id" javaType="java.lang.Integer" jdbcType="INTEGER" />
      <arg column="name" javaType="java.lang.String" jdbcType="VARCHAR" />
    </constructor>
  </resultMap>
  <sql id="Base_Column_List">
    id, course_id, parent_id, name
  </sql>
  <select id="selectByPrimaryKey" parameterType="java.lang.Integer" resultMap="BaseResultMap">
    select 
    <include refid="Base_Column_List" />
    from coursesection
    where id = #{id,jdbcType=INTEGER}
  </select>
  <delete id="deleteByPrimaryKey" parameterType="java.lang.Integer">
    delete from coursesection
    where id = #{id,jdbcType=INTEGER}
  </delete>
  <insert id="insert" parameterType="learn.entity.CourseSection">
    insert into coursesection (id, course_id, parent_id, 
      name)
    values (#{id,jdbcType=INTEGER}, #{courseId,jdbcType=INTEGER}, #{parentId,jdbcType=INTEGER}, 
      #{name,jdbcType=VARCHAR})
  </insert>
  <insert id="insertSelective" parameterType="learn.entity.CourseSection">
    insert into coursesection
    <trim prefix="(" suffix=")" suffixOverrides=",">
      <if test="id != null">
        id,
      </if>
      <if test="courseId != null">
        course_id,
      </if>
      <if test="parentId != null">
        parent_id,
      </if>
      <if test="name != null">
        name,
      </if>
    </trim>
    <trim prefix="values (" suffix=")" suffixOverrides=",">
      <if test="id != null">
        #{id,jdbcType=INTEGER},
      </if>
      <if test="courseId != null">
        #{courseId,jdbcType=INTEGER},
      </if>
      <if test="parentId != null">
        #{parentId,jdbcType=INTEGER},
      </if>
      <if test="name != null">
        #{name,jdbcType=VARCHAR},
      </if>
    </trim>
  </insert>
  <update id="updateByPrimaryKeySelective" parameterType="learn.entity.CourseSection">
    update coursesection
    <set>
      <if test="courseId != null">
        course_id = #{courseId,jdbcType=INTEGER},
      </if>
      <if test="parentId != null">
        parent_id = #{parentId,jdbcType=INTEGER},
      </if>
      <if test="name != null">
        name = #{name,jdbcType=VARCHAR},
      </if>
    </set>
    where id = #{id,jdbcType=INTEGER}
  </update>
  <update id="updateByPrimaryKey" parameterType="learn.entity.CourseSection">
    update coursesection
    set course_id = #{courseId,jdbcType=INTEGER},
      parent_id = #{parentId,jdbcType=INTEGER},
      name = #{name,jdbcType=VARCHAR}
    where id = #{id,jdbcType=INTEGER}
  </update>
  <select id="selectByCourseId" resultMap="BaseResultMap">
    select
    <include refid="Base_Column_List" />
    from coursesection
    where course_id = #{courseId,jdbcType=INTEGER}
    order by parent_id,id
  </select>
  <select id="selectCourseIdBySectionId" resultMap="BaseResultMap">
    select course_id    from coursesection
    where id = #{id,jdbcType=INTEGER}
  </select>
</mapper>