<?xml version="1.0" encoding="UTF-8" ?>
<!DOCTYPE mapper PUBLIC "-//mybatis.org//DTD Mapper 3.0//EN" "http://mybatis.org/dtd/mybatis-3-mapper.dtd" >
<mapper namespace="learn.dao.ExamQuestionMapper" >
  <resultMap id="BaseResultMap" type="learn.entity.ExamQuestion" >
    <constructor >
      <idArg column="id" jdbcType="INTEGER" javaType="java.lang.Integer" />
      <arg column="title" jdbcType="VARCHAR" javaType="java.lang.String" />
      <arg column="option_a" jdbcType="VARCHAR" javaType="java.lang.String" />
      <arg column="option_b" jdbcType="VARCHAR" javaType="java.lang.String" />
      <arg column="option_c" jdbcType="VARCHAR" javaType="java.lang.String" />
      <arg column="option_d" jdbcType="VARCHAR" javaType="java.lang.String" />
      <arg column="correct_answer" jdbcType="INTEGER" javaType="java.lang.Integer" />
      <arg column="exam_id" jdbcType="INTEGER" javaType="java.lang.Integer" />
    </constructor>
  </resultMap>
  <sql id="Base_Column_List" >
    id, title, option_a, option_b, option_c, option_d, correct_answer, exam_id
  </sql>
  <select id="selectByPrimaryKey" resultMap="BaseResultMap" parameterType="java.lang.Integer" >
    select 
    <include refid="Base_Column_List" />
    from examquestion
    where id = #{id,jdbcType=INTEGER}
  </select>
  <delete id="deleteByPrimaryKey" parameterType="java.lang.Integer" >
    delete from examquestion
    where id = #{id,jdbcType=INTEGER}
  </delete>
  <insert id="insert" parameterType="learn.entity.ExamQuestion" >
    insert into examquestion (id, title, option_a, 
      option_b, option_c, option_d, 
      correct_answer, exam_id)
    values (#{id,jdbcType=INTEGER}, #{title,jdbcType=VARCHAR}, #{optionA,jdbcType=VARCHAR}, 
      #{optionB,jdbcType=VARCHAR}, #{optionC,jdbcType=VARCHAR}, #{optionD,jdbcType=VARCHAR}, 
      #{correctAnswer,jdbcType=INTEGER}, #{examId,jdbcType=INTEGER})
  </insert>
  <insert id="insertSelective" parameterType="learn.entity.ExamQuestion" >
    insert into examquestion
    <trim prefix="(" suffix=")" suffixOverrides="," >
      <if test="id != null" >
        id,
      </if>
      <if test="title != null" >
        title,
      </if>
      <if test="optionA != null" >
        option_a,
      </if>
      <if test="optionB != null" >
        option_b,
      </if>
      <if test="optionC != null" >
        option_c,
      </if>
      <if test="optionD != null" >
        option_d,
      </if>
      <if test="correctAnswer != null" >
        correct_answer,
      </if>
      <if test="examId != null" >
        exam_id,
      </if>
    </trim>
    <trim prefix="values (" suffix=")" suffixOverrides="," >
      <if test="id != null" >
        #{id,jdbcType=INTEGER},
      </if>
      <if test="title != null" >
        #{title,jdbcType=VARCHAR},
      </if>
      <if test="optionA != null" >
        #{optionA,jdbcType=VARCHAR},
      </if>
      <if test="optionB != null" >
        #{optionB,jdbcType=VARCHAR},
      </if>
      <if test="optionC != null" >
        #{optionC,jdbcType=VARCHAR},
      </if>
      <if test="optionD != null" >
        #{optionD,jdbcType=VARCHAR},
      </if>
      <if test="correctAnswer != null" >
        #{correctAnswer,jdbcType=INTEGER},
      </if>
      <if test="examId != null" >
        #{examId,jdbcType=INTEGER},
      </if>
    </trim>
  </insert>
  <update id="updateByPrimaryKeySelective" parameterType="learn.entity.ExamQuestion" >
    update examquestion
    <set >
      <if test="title != null" >
        title = #{title,jdbcType=VARCHAR},
      </if>
      <if test="optionA != null" >
        option_a = #{optionA,jdbcType=VARCHAR},
      </if>
      <if test="optionB != null" >
        option_b = #{optionB,jdbcType=VARCHAR},
      </if>
      <if test="optionC != null" >
        option_c = #{optionC,jdbcType=VARCHAR},
      </if>
      <if test="optionD != null" >
        option_d = #{optionD,jdbcType=VARCHAR},
      </if>
      <if test="correctAnswer != null" >
        correct_answer = #{correctAnswer,jdbcType=INTEGER},
      </if>
      <if test="examId != null" >
        exam_id = #{examId,jdbcType=INTEGER},
      </if>
    </set>
    where id = #{id,jdbcType=INTEGER}
  </update>
  <update id="updateByPrimaryKey" parameterType="learn.entity.ExamQuestion" >
    update examquestion
    set title = #{title,jdbcType=VARCHAR},
      option_a = #{optionA,jdbcType=VARCHAR},
      option_b = #{optionB,jdbcType=VARCHAR},
      option_c = #{optionC,jdbcType=VARCHAR},
      option_d = #{optionD,jdbcType=VARCHAR},
      correct_answer = #{correctAnswer,jdbcType=INTEGER},
      exam_id = #{examId,jdbcType=INTEGER}
    where id = #{id,jdbcType=INTEGER}
  </update>
  <select id="selectByExamId" resultMap="BaseResultMap">
    select *
    from examquestion
    where exam_id = #{exam_id,jdbcType=INTEGER}
    order by id
  </select>
</mapper>