<?xml version="1.0" encoding="UTF-8" ?>
<!DOCTYPE mapper PUBLIC "-//mybatis.org//DTD Mapper 3.0//EN" "http://mybatis.org/dtd/mybatis-3-mapper.dtd" >
<mapper namespace="learn.dao.QuestionMapper" >
  <resultMap id="BaseResultMap" type="learn.entity.Question" >
    <constructor >
      <idArg column="id" jdbcType="INTEGER" javaType="java.lang.Integer" />
      <arg column="user_id" jdbcType="INTEGER" javaType="java.lang.Integer" />
      <arg column="user_name" jdbcType="VARCHAR" javaType="java.lang.String" />
      <arg column="date" jdbcType="DATE" javaType="java.util.Date" />
      <arg column="type" jdbcType="VARCHAR" javaType="java.lang.String" />
      <arg column="answer_num" jdbcType="INTEGER" javaType="java.lang.Integer" />
      <arg column="click_num" jdbcType="INTEGER" javaType="java.lang.Integer" />
      <arg column="title" jdbcType="VARCHAR" javaType="java.lang.String" />
    </constructor>
  </resultMap>
  <resultMap id="ResultMapWithBLOBs" type="learn.entity.Question" >
    <constructor >
      <idArg column="id" jdbcType="INTEGER" javaType="java.lang.Integer" />
      <arg column="user_id" jdbcType="INTEGER" javaType="java.lang.Integer" />
      <arg column="user_name" jdbcType="VARCHAR" javaType="java.lang.String" />
      <arg column="date" jdbcType="DATE" javaType="java.util.Date" />
      <arg column="type" jdbcType="VARCHAR" javaType="java.lang.String" />
      <arg column="answer_num" jdbcType="INTEGER" javaType="java.lang.Integer" />
      <arg column="click_num" jdbcType="INTEGER" javaType="java.lang.Integer" />
      <arg column="title" jdbcType="VARCHAR" javaType="java.lang.String" />
      <arg column="content" jdbcType="LONGVARCHAR" javaType="java.lang.String" />
    </constructor>
  </resultMap>
  <sql id="Base_Column_List" >
    id, user_id, user_name, date, type, answer_num, click_num, title
  </sql>
  <sql id="Blob_Column_List" >
    content
  </sql>
  <select id="selectByPrimaryKey" resultMap="ResultMapWithBLOBs" parameterType="java.lang.Integer" >
    select 
    <include refid="Base_Column_List" />
    ,
    <include refid="Blob_Column_List" />
    from question
    where id = #{id,jdbcType=INTEGER}
  </select>
  <delete id="deleteByPrimaryKey" parameterType="java.lang.Integer" >
    delete from question
    where id = #{id,jdbcType=INTEGER}
  </delete>
  <insert id="insert" keyProperty="id" useGeneratedKeys="true" parameterType="learn.entity.Question" >
    insert into question (user_id, user_name,
      date, type, answer_num, 
      click_num, title, content
      )
    values (#{userId,jdbcType=INTEGER}, #{userName,jdbcType=VARCHAR},
      #{date,jdbcType=DATE}, #{type,jdbcType=VARCHAR}, #{answerNum,jdbcType=INTEGER}, 
      #{clickNum,jdbcType=INTEGER}, #{title,jdbcType=VARCHAR}, #{content,jdbcType=LONGVARCHAR}
      )
  </insert>
  <insert id="insertSelective" parameterType="learn.entity.Question" >
    insert into question
    <trim prefix="(" suffix=")" suffixOverrides="," >
      <if test="id != null" >
        id,
      </if>
      <if test="userId != null" >
        user_id,
      </if>
      <if test="userName != null" >
        user_name,
      </if>
      <if test="date != null" >
        date,
      </if>
      <if test="type != null" >
        type,
      </if>
      <if test="answerNum != null" >
        answer_num,
      </if>
      <if test="clickNum != null" >
        click_num,
      </if>
      <if test="title != null" >
        title,
      </if>
      <if test="content != null" >
        content,
      </if>
    </trim>
    <trim prefix="values (" suffix=")" suffixOverrides="," >
      <if test="id != null" >
        #{id,jdbcType=INTEGER},
      </if>
      <if test="userId != null" >
        #{userId,jdbcType=INTEGER},
      </if>
      <if test="userName != null" >
        #{userName,jdbcType=VARCHAR},
      </if>
      <if test="date != null" >
        #{date,jdbcType=DATE},
      </if>
      <if test="type != null" >
        #{type,jdbcType=VARCHAR},
      </if>
      <if test="answerNum != null" >
        #{answerNum,jdbcType=INTEGER},
      </if>
      <if test="clickNum != null" >
        #{clickNum,jdbcType=INTEGER},
      </if>
      <if test="title != null" >
        #{title,jdbcType=VARCHAR},
      </if>
      <if test="content != null" >
        #{content,jdbcType=LONGVARCHAR},
      </if>
    </trim>
  </insert>
  <update id="updateByPrimaryKeySelective" parameterType="learn.entity.Question" >
    update question
    <set >
      <if test="userId != null" >
        user_id = #{userId,jdbcType=INTEGER},
      </if>
      <if test="userName != null" >
        user_name = #{userName,jdbcType=VARCHAR},
      </if>
      <if test="date != null" >
        date = #{date,jdbcType=DATE},
      </if>
      <if test="type != null" >
        type = #{type,jdbcType=VARCHAR},
      </if>
      <if test="answerNum != null" >
        answer_num = #{answerNum,jdbcType=INTEGER},
      </if>
      <if test="clickNum != null" >
        click_num = #{clickNum,jdbcType=INTEGER},
      </if>
      <if test="title != null" >
        title = #{title,jdbcType=VARCHAR},
      </if>
      <if test="content != null" >
        content = #{content,jdbcType=LONGVARCHAR},
      </if>
    </set>
    where id = #{id,jdbcType=INTEGER}
  </update>
  <update id="updateByPrimaryKeyWithBLOBs" parameterType="learn.entity.Question" >
    update question
    set user_id = #{userId,jdbcType=INTEGER},
      user_name = #{userName,jdbcType=VARCHAR},
      date = #{date,jdbcType=DATE},
      type = #{type,jdbcType=VARCHAR},
      answer_num = #{answerNum,jdbcType=INTEGER},
      click_num = #{clickNum,jdbcType=INTEGER},
      title = #{title,jdbcType=VARCHAR},
      content = #{content,jdbcType=LONGVARCHAR}
    where id = #{id,jdbcType=INTEGER}
  </update>
  <update id="updateByPrimaryKey" parameterType="learn.entity.Question" >
    update question
    set user_id = #{userId,jdbcType=INTEGER},
      user_name = #{userName,jdbcType=VARCHAR},
      date = #{date,jdbcType=DATE},
      type = #{type,jdbcType=VARCHAR},
      answer_num = #{answerNum,jdbcType=INTEGER},
      click_num = #{clickNum,jdbcType=INTEGER},
      title = #{title,jdbcType=VARCHAR}
    where id = #{id,jdbcType=INTEGER}
  </update>
  <select id = "selectAll" resultMap = "ResultMapWithBLOBs">
    select
    <include refid="Base_Column_List" />
    ,
    <include refid="Blob_Column_List" />
    from question
    where answer_num > 0;
  </select>
  <select id = "selectEmptyAnswer" resultMap = "ResultMapWithBLOBs">
    select
    <include refid="Base_Column_List" />
    ,
    <include refid="Blob_Column_List" />
    from question
    where answer_num = 0;
  </select>
  <select id = "selectByType" resultMap = "ResultMapWithBLOBs">
    select
    <include refid="Base_Column_List" />
    ,
    <include refid="Blob_Column_List" />
    from question
    where answer_num > 0 and type = #{type,jdbcType=VARCHAR}
  </select>
  <select id = "selectEmptyAnswerByType" resultMap = "ResultMapWithBLOBs">
    select
    <include refid="Base_Column_List" />
    ,
    <include refid="Blob_Column_List" />
    from question
    where answer_num = 0 and type = #{type,jdbcType=VARCHAR};
  </select>
  <select id = "search" resultMap="ResultMapWithBLOBs">
    select
    <include refid="Base_Column_List" />
    ,
    <include refid="Blob_Column_List" />
    from question
    where
    title like "%"#{searchString,jdbcType=VARCHAR}"%"
    or type like "%"#{searchString,jdbcType=VARCHAR}"%"
    or content like "%"#{searchString,jdbcType=VARCHAR}"%"
  </select>
  <update id="updateAnswerNum">
    update question
    set answer_num = answer_num + #{0}
    where id = #{1}
  </update>
  <update id="updateClickNum">
    update question
    set click_num = click_num + #{0}
    where id = #{1}
  </update>
  <select id="selectFive" resultMap="ResultMapWithBLOBs">
    select
    <include refid="Base_Column_List" />
    ,
    <include refid="Blob_Column_List" />
    from question
    where answer_num > 0
    order by click_num desc limit 5
  </select>
</mapper>