<?xml version="1.0" encoding="UTF-8" ?>
<!DOCTYPE mapper PUBLIC "-//mybatis.org//DTD Mapper 3.0//EN" "http://mybatis.org/dtd/mybatis-3-mapper.dtd" >
<mapper namespace="learn.dao.UserMapper">
	<resultMap type="learn.entity.User" id="BaseResultMap">
		<id column="id" property="id" jdbcType="INTEGER" />
		<result column="username" property="username" jdbcType="VARCHAR" />
		<result column="password" property="password" jdbcType="VARCHAR" />
		<result column="email" property="email" jdbcType="VARCHAR" />
	</resultMap>

	<sql id="Base_Column_List">
		id, username, password, email
	</sql>

	<select id="selectById" resultMap="BaseResultMap" parameterType="java.lang.Integer">
		select
		<include refid="Base_Column_List" />
		from user
		where id = #{id,jdbcType=INTEGER}
	</select>
	
	<select id = "selectAll" resultMap = "BaseResultMap">
		select 
		<include refid="Base_Column_List" />
		from user
	</select>
	
	<select id="selectByUsername" resultMap="BaseResultMap" parameterType="java.lang.String">
		select
		<include refid="Base_Column_List" />
		from user
		where username = #{username,jdbcType=VARCHAR}
	</select>

	<delete id="deleteById" parameterType="java.lang.Integer">
		<!-- DELETE user,user_role FROM user LEFT JOIN user_role ON user.id = user_role.user_id WHERE user.id= #{id,jdbcType = INTEGER} -->	
		DELETE from user where id = #{id,jdbcType = INTEGER}
	</delete>

	<insert id="insert" parameterType="learn.entity.User">
		<selectKey resultType="java.lang.Integer" keyProperty="id"
			order="AFTER">
			SELECT LAST_INSERT_ID()
		</selectKey>
		insert into user
			<trim prefix="(" suffix=")" suffixOverrides=",">
			<if test="username != null">
				username,
			</if>
			<if test="password != null">
				password,
			</if>
			<if test="email != null">
				email,
			</if>
		</trim>
		values
		(
		 #{username,jdbcType=VARCHAR},
		 #{password,jdbcType=VARCHAR},
		 #{email,jdbcType=VARCHAR}
		)
	</insert>

	<insert id="insertSelective" parameterType="learn.entity.User">
		<selectKey resultType="java.lang.Integer" keyProperty="id"
			order="AFTER">
			SELECT LAST_INSERT_ID()
		</selectKey>
		insert into user
		<trim prefix="(" suffix=")" suffixOverrides=",">
			<if test="username != null">
				username,
			</if>
			<if test="password != null">
				password,
			</if>
			<if test="email != null">
				email,
			</if>
		</trim>
		<trim prefix="values (" suffix=")" suffixOverrides=",">
			<if test="username != null">
				#{username,jdbcType=VARCHAR},
			</if>
			<if test="password != null">
				#{password,jdbcType=VARCHAR},
			</if>
			<if test="age != null">
				#{email,jdbcType=VARCHAR},
			</if>
		</trim>
	</insert>

		<update id="updateByIdSelective" parameterType="learn.entity.User">
		update `user`
		set `password` = #{password,jdbcType=VARCHAR}
		where `id` = #{id,jdbcType=INTEGER}
	</update>

	<update id="updateByPrimaryKey" parameterType="learn.entity.User">
		update user
		set username = #{username,jdbcType=VARCHAR},
		password = #{password,jdbcType=VARCHAR},
		email=#{email,jdbcType=VARCHAR}
		where id = #{id,jdbcType=INTEGER}
	</update>	

</mapper>