<?xml version="1.0" encoding="UTF-8" ?>
<!DOCTYPE mapper PUBLIC "-//mybatis.org//DTD Mapper 3.0//EN" "http://mybatis.org/dtd/mybatis-3-mapper.dtd" >
<mapper namespace="learn.dao.UserPraiseMapper" >
  <resultMap id="BaseResultMap" type="learn.entity.UserPraise" >
    <constructor >
      <idArg column="id" jdbcType="INTEGER" javaType="java.lang.Integer" />
      <arg column="user_id" jdbcType="INTEGER" javaType="java.lang.Integer" />
      <arg column="praise_id" jdbcType="INTEGER" javaType="java.lang.Integer" />
      <arg column="type" jdbcType="INTEGER" javaType="java.lang.Integer" />
    </constructor>
  </resultMap>
  <sql id="Base_Column_List" >
    id, user_id, praise_id, type
  </sql>
  <select id="selectByPrimaryKey" resultMap="BaseResultMap" parameterType="java.lang.Integer" >
    select 
    <include refid="Base_Column_List" />
    from userpraise
    where id = #{id,jdbcType=INTEGER}
  </select>
  <delete id="deleteByPrimaryKey" parameterType="java.lang.Integer" >
    delete from userpraise
    where id = #{id,jdbcType=INTEGER}
  </delete>
  <insert id="insert" parameterType="learn.entity.UserPraise" >
    insert into userpraise (user_id, praise_id,
      type)
    values (#{userId,jdbcType=INTEGER}, #{praiseId,jdbcType=INTEGER},
      #{type,jdbcType=INTEGER})
  </insert>
  <insert id="insertSelective" parameterType="learn.entity.UserPraise" >
    insert into userpraise
    <trim prefix="(" suffix=")" suffixOverrides="," >
      <if test="id != null" >
        id,
      </if>
      <if test="userId != null" >
        user_id,
      </if>
      <if test="praiseId != null" >
        praise_id,
      </if>
      <if test="type != null" >
        type,
      </if>
    </trim>
    <trim prefix="values (" suffix=")" suffixOverrides="," >
      <if test="id != null" >
        #{id,jdbcType=INTEGER},
      </if>
      <if test="userId != null" >
        #{userId,jdbcType=INTEGER},
      </if>
      <if test="praiseId != null" >
        #{praiseId,jdbcType=INTEGER},
      </if>
      <if test="type != null" >
        #{type,jdbcType=INTEGER},
      </if>
    </trim>
  </insert>
  <update id="updateByPrimaryKeySelective" parameterType="learn.entity.UserPraise" >
    update userpraise
    <set >
      <if test="userId != null" >
        user_id = #{userId,jdbcType=INTEGER},
      </if>
      <if test="praiseId != null" >
        praise_id = #{praiseId,jdbcType=INTEGER},
      </if>
      <if test="type != null" >
        type = #{type,jdbcType=INTEGER},
      </if>
    </set>
    where id = #{id,jdbcType=INTEGER}
  </update>
  <update id="updateByPrimaryKey" parameterType="learn.entity.UserPraise" >
    update userpraise
    set user_id = #{userId,jdbcType=INTEGER},
      praise_id = #{praiseId,jdbcType=INTEGER},
      type = #{type,jdbcType=INTEGER}
    where id = #{id,jdbcType=INTEGER}
  </update>
  <select id="selectByUserIdAndPraiseId" resultMap="BaseResultMap" >
    select
    <include refid="Base_Column_List" />
    from userpraise
    where user_id = #{0}
    and praise_id = #{1}
    and type = #{2}
  </select>
</mapper>